<?xml version="1.0" encoding="UTF-8"?>
<list version="1.0">
	<fvm_meta theme_code="" is_biz="1" />
	<theme id="custom" name="Comedy World" thumb="" cc_theme_id="family" />
	<theme id="business" name="Modern World" thumb="" cc_theme_id="business" />
	<theme id="action" name="Lil' Peepz" thumb="" cc_theme_id="action" />
	<theme id="retro" name="Cartoon Classics" thumb="ann-stand.swf" cc_theme_id="retro" />
	<theme id="stick" name="Stick Figure" thumb="" cc_theme_id="stick" />
	<theme id="common" name="Common" thumb="matchboy-stand.swf" cc_theme_id="common" />
	<theme id="startrek" name="Star Trek" thumb="" />
	<theme id="sticklybiz" name="Stickly Business" thumb="" />
	<theme id="street" name="Street" thumb="" />
	<theme id="toonadv" name="Toon Adventure" thumb="" cc_theme_id="cctoonadventure" />
	<theme id="vietnam" name="Jungle Warfare" thumb="" cc_theme_id="cc2" />
	<theme id="willie" name="Willie Nelson" thumb="" />
	<word></word>
	<whiteword />
	<excludeAssetIDs />
	<points money="0" sharing="0" />
</list>
